-- phpMyAdmin SQL Dump
-- version 3.4.9
-- http://www.phpmyadmin.net
--
-- Client: 127.0.0.1
-- Généré le : Dim 02 Juin 2019 à 17:10
-- Version du serveur: 5.5.20
-- Version de PHP: 5.3.9

SET SQL_MODE="NO_AUTO_VALUE_ON_ZERO";
SET time_zone = "+00:00";


/*!40101 SET @OLD_CHARACTER_SET_CLIENT=@@CHARACTER_SET_CLIENT */;
/*!40101 SET @OLD_CHARACTER_SET_RESULTS=@@CHARACTER_SET_RESULTS */;
/*!40101 SET @OLD_COLLATION_CONNECTION=@@COLLATION_CONNECTION */;
/*!40101 SET NAMES utf8 */;

--
-- Base de données: `db_cuam`
--

-- --------------------------------------------------------

--
-- Structure de la table `avoir`
--

CREATE TABLE IF NOT EXISTS `avoir` (
  `MATRICULE` varchar(20) NOT NULL,
  `ID_DIPLOME` int(11) NOT NULL,
  PRIMARY KEY (`MATRICULE`,`ID_DIPLOME`),
  KEY `FK_AVOIR2` (`ID_DIPLOME`)
) ENGINE=InnoDB DEFAULT CHARSET=utf8;

--
-- Contenu de la table `avoir`
--

INSERT INTO `avoir` (`MATRICULE`, `ID_DIPLOME`) VALUES
('1847813', -1),
('1847814', -1),
('1847822', -1),
('1847838', -1),
('1847839', -1),
('1847841', -1),
('1847870', -1),
('1847871', -1),
('1847974', -1),
('1847977', -1),
('1847997', -1),
('1847998', -1),
('1848004', -1),
('1848005', -1),
('1848011', -1),
('1848014', -1),
('1849434', -1),
('1856928', -1),
('1984680', -1),
('xxxxx', -1),
('1804637', 1),
('1847787', 1),
('1847791', 1),
('1847899', 1),
('1847917', 1),
('1847931', 1),
('1847964', 1),
('1847968', 1),
('1847996', 1),
('1848007', 1),
('1848008', 1),
('1855198', 1),
('1804788', 2),
('1847790', 2),
('1847795', 2),
('1847798', 2),
('1847800', 2),
('1847804', 2),
('1847807', 2),
('1847809', 2),
('1847817', 2),
('1847820', 2),
('1847823', 2),
('1847824', 2),
('1847826', 2),
('1847828', 2),
('1847832', 2),
('1847835', 2),
('1847836', 2),
('1847842', 2),
('1847846', 2),
('1847847', 2),
('1847848', 2),
('1847849', 2),
('1847851', 2),
('1847854', 2),
('1847857', 2),
('1847858', 2),
('1847860', 2),
('1847864', 2),
('1847868', 2),
('1847872', 2),
('1847873', 2),
('1847874', 2),
('1847881', 2),
('1847883', 2),
('1847890', 2),
('1847891', 2),
('1847894', 2),
('1847896', 2),
('1847898', 2),
('1847900', 2),
('1847903', 2),
('1847906', 2),
('1847912', 2),
('1847914', 2),
('1847915', 2),
('1847916', 2),
('1847918', 2),
('1847919', 2),
('1847928', 2),
('1847940', 2),
('1847947', 2),
('1847954', 2),
('1847955', 2),
('1847957', 2),
('1847960', 2),
('1847961', 2),
('1847965', 2),
('1847981', 2),
('1847983', 2),
('1847986', 2),
('1847990', 2),
('1847991', 2),
('1848000', 2),
('1848015', 2),
('1848017', 2),
('1856702', 2),
('1984681', 2),
('1984682', 2),
('1984683', 2),
('1804821', 3),
('1847794', 3),
('1847796', 3),
('1847802', 3),
('1847818', 3),
('1847833', 3),
('1847840', 3),
('1847844', 3),
('1847845', 3),
('1847855', 3),
('1847863', 3),
('1847877', 3),
('1847878', 3),
('1847879', 3),
('1847892', 3),
('1847905', 3),
('1847920', 3),
('1847925', 3),
('1847930', 3),
('1847934', 3),
('1847935', 3),
('1847938', 3),
('1847962', 3),
('1847979', 3),
('1847987', 3),
('1847988', 3),
('1847993', 3),
('1847994', 3),
('1848002', 3),
('1848003', 3),
('1848006', 3),
('1848009', 3),
('1848010', 3),
('1848012', 3),
('1856805', 3),
('1970781', 3),
('1984689', 3),
('1984691', 3),
('1830984', 4),
('1847793', 4),
('1847806', 4),
('1847819', 4),
('1847837', 4),
('1847859', 4),
('1847876', 4),
('1847885', 4),
('1847886', 4),
('1847921', 4),
('1847949', 4),
('1847950', 4),
('1847951', 4),
('1847972', 4),
('1847982', 4),
('1847984', 4),
('1847999', 4),
('1848016', 4),
('1857081', 4),
('1970779', 4),
('1970780', 4),
('1984679', 4),
('9077006', 4),
('1831226', 5),
('1847789', 7),
('1847792', 7),
('1847831', 7),
('1847856', 7),
('1847867', 7),
('1847908', 7),
('1847933', 7),
('1847963', 7),
('1847797', 8),
('1847799', 8),
('1847811', 8),
('1847862', 8),
('1847875', 8),
('1847895', 8),
('1847901', 8),
('1847904', 8),
('1847924', 8),
('1847958', 8),
('1847967', 8),
('1847970', 8),
('1847976', 8),
('1976941', 8),
('1847801', 9),
('1847805', 9),
('1847815', 9),
('1847816', 9),
('1847821', 9),
('1847850', 9),
('1847853', 9),
('1847861', 9),
('1847869', 9),
('1847880', 9),
('1847884', 9),
('1847888', 9),
('1847907', 9),
('1847911', 9),
('1847913', 9),
('1847926', 9),
('1847932', 9),
('1847936', 9),
('1847937', 9),
('1847939', 9),
('1847942', 9),
('1847946', 9),
('1847948', 9),
('1847952', 9),
('1847953', 9),
('1847973', 9),
('1847978', 9),
('1847980', 9),
('1847992', 9),
('1847803', 10),
('1847827', 10),
('1848001', 10),
('1848354', 10),
('1847808', 11),
('1847825', 12),
('1847852', 13),
('1847866', 13),
('1847909', 13),
('1847922', 13),
('1847927', 13),
('1847929', 13),
('1847944', 13),
('1847865', 14),
('1847889', 16),
('1847902', 17),
('1847971', 18),
('1847989', 18),
('1847995', 18),
('1847975', 19),
('1848013', 20),
('1849340', 21),
('1805171', 22),
('1970772', 22),
('1970773', 22),
('1970774', 22),
('1970775', 22),
('1970776', 22),
('1970777', 22),
('1970778', 22),
('1984684', 23),
('1984685', 23),
('1984686', 24),
('1984687', 24),
('1984688', 25);

-- --------------------------------------------------------

--
-- Structure de la table `diplome`
--

CREATE TABLE IF NOT EXISTS `diplome` (
  `ID_DIPLOME` int(11) NOT NULL AUTO_INCREMENT,
  `NOM_DIPLOME` varchar(20) DEFAULT NULL,
  `NOM_DIPLOME_ARAB` varchar(20) DEFAULT NULL,
  PRIMARY KEY (`ID_DIPLOME`)
) ENGINE=InnoDB  DEFAULT CHARSET=utf8 AUTO_INCREMENT=33 ;

--
-- Contenu de la table `diplome`
--

INSERT INTO `diplome` (`ID_DIPLOME`, `NOM_DIPLOME`, `NOM_DIPLOME_ARAB`) VALUES
(-1, '', 'متعدد ديبلوم'),
(1, '', 'ثانوي'),
(2, '', 'رخصة سياقة'),
(3, '', 'دبلوم تقني'),
(4, '', 'شهادة الاجازة'),
(5, '', 'شهادة تقني متخصص'),
(6, '', 'ثانوي'),
(7, '', 'ابتدائي'),
(8, '', 'دبلوم كاتب'),
(9, '', 'بدون'),
(10, '', 'شهادة الباكلوريا'),
(11, '', 'شهادة الدكتوراه في ا'),
(12, '', 'مسير أوراش'),
(13, '', 'اعدادي'),
(14, '', 'دبلوم التكوين الادار'),
(15, '', 'رسام'),
(16, '', 'دبلوم خياطة'),
(17, '', 'دبلوم الهندسة المدني'),
(18, '', 'شهادة التأهيل المهني'),
(19, '', 'دبلوم رقانة'),
(20, '', 'دبلوم محرر'),
(21, '', 'دبلوم اداري'),
(22, '', 'دبلوم تقني متخصص'),
(23, '', 'دبلوم مهندس معماري'),
(24, '', 'دبلوم مهندس دولة'),
(25, '', 'دبلوم ممرض'),
(26, '', ' شهادة كاتب'),
(27, '', ' رسام مشاريع'),
(28, '', 'دبلوم التأهيل المهني'),
(29, '', 'دبلوم الدراسات العام'),
(30, '', 'دبلوم السكرتارية'),
(31, '', 'ماستر'),
(32, '', 'دبلوم في الاعلاميات');

-- --------------------------------------------------------

--
-- Structure de la table `echellon`
--

CREATE TABLE IF NOT EXISTS `echellon` (
  `ID_ECHELLON` int(11) NOT NULL,
  `ECHELLON` varchar(11) DEFAULT NULL,
  `INDICE` varchar(11) DEFAULT NULL,
  PRIMARY KEY (`ID_ECHELLON`)
) ENGINE=InnoDB DEFAULT CHARSET=utf8;

--
-- Contenu de la table `echellon`
--

INSERT INTO `echellon` (`ID_ECHELLON`, `ECHELLON`, `INDICE`) VALUES
(1, '8', '236'),
(2, '4', '185'),
(3, '4', '259'),
(4, '4', '351'),
(5, '4', '296'),
(6, '7', '222'),
(7, '6', '209'),
(8, '3', '241'),
(9, '9', '484'),
(10, '9', '305'),
(11, '5', '197'),
(12, '1', '704'),
(13, '8', '291'),
(14, '6', '402'),
(15, '5', '476'),
(16, '9', '249'),
(17, '9', '606'),
(18, '7', '428'),
(19, '11', '564'),
(20, '10', '373'),
(21, '5', '380'),
(22, '8', '382'),
(23, '6', '339'),
(24, '3', '779'),
(25, '8', '456'),
(26, '7', '361'),
(27, '7', '542'),
(28, '9', '404'),
(29, '7', '277'),
(30, '7', '311'),
(31, '10', '512'),
(32, '9', '353'),
(33, '3', '173'),
(34, '10', '438'),
(35, '11', '704'),
(36, '3', '274'),
(37, '6', '509'),
(38, '9', '610'),
(39, '1', '235'),
(40, '1', '153'),
(41, '1', '336'),
(42, '1', '275'),
(43, '1', '207'),
(44, NULL, NULL);

-- --------------------------------------------------------

--
-- Structure de la table `employe`
--

CREATE TABLE IF NOT EXISTS `employe` (
  `MATRICULE` varchar(20) NOT NULL,
  `ID_SERVICE` int(11) NOT NULL,
  `ID_GRADE` int(11) DEFAULT NULL,
  `DATE_Affectation` date DEFAULT NULL,
  `NOM_EMPLOYE` varchar(20) DEFAULT NULL,
  `PRENOM_EMPLYE` varchar(20) DEFAULT NULL,
  `NOMARAB` varchar(20) CHARACTER SET utf8 COLLATE utf8_bin DEFAULT NULL,
  `PRENOMARAB` varchar(20) DEFAULT NULL,
  `CIN` varchar(20) DEFAULT NULL,
  `SEX` varchar(10) DEFAULT NULL,
  `DATE_NAISSANCE` date DEFAULT NULL,
  `DATE_RECRUTEMENT` date DEFAULT NULL,
  `ID_ECHELLON` int(11) DEFAULT NULL,
  `date_reclassement` varchar(20) DEFAULT NULL,
  `date_effectgrade` varchar(20) DEFAULT NULL,
  `note` int(11) NOT NULL,
  PRIMARY KEY (`MATRICULE`),
  KEY `FK_AFFECTER` (`ID_SERVICE`),
  KEY `FK_AVOIR1` (`ID_GRADE`),
  KEY `FK_CONTIENT3` (`ID_ECHELLON`)
) ENGINE=InnoDB DEFAULT CHARSET=utf8;

--
-- Contenu de la table `employe`
--

INSERT INTO `employe` (`MATRICULE`, `ID_SERVICE`, `ID_GRADE`, `DATE_Affectation`, `NOM_EMPLOYE`, `PRENOM_EMPLYE`, `NOMARAB`, `PRENOMARAB`, `CIN`, `SEX`, `DATE_NAISSANCE`, `DATE_RECRUTEMENT`, `ID_ECHELLON`, `date_reclassement`, `date_effectgrade`, `note`) VALUES
('1804637', 8, 1, NULL, 'BOUGUERFA ', 'RACHID', 'بوكرفا', 'رشيد', 'WA14602', 'M', '1968-06-08', '1988-03-01', 1, NULL, NULL, -1),
('1804788', 6, 1, NULL, ' OULAMINE ', 'MUSTAPHA', 'الامين', 'مصطفى ', 'J421554', 'M', '1987-03-05', '2011-10-01', 2, NULL, NULL, -1),
('1804821', 20, 8, NULL, ' EL KTAIB ', 'SI MOHAMED', 'القطيب', 'سي محمد', 'JB341607', 'M', '1983-10-30', '2013-01-02', 3, NULL, NULL, -1),
('1805171', 1, 5, NULL, 'HALHOUL', 'LAHOUCINE', 'حلحول', 'الحسين', 'JB250804', 'M', '1979-04-24', '2013-01-01', 44, NULL, NULL, -1),
('1830984', 28, 16, NULL, 'RAGUI  ', 'ABDELLAH', 'راكي', 'عبد الله', 'JB104649', 'M', '1972-08-31', '2012-11-01', 4, NULL, NULL, -1),
('1831226', 30, 12, NULL, ' BOUASSILA ', 'EKRAM', 'بوعسيلة', 'اكرام', 'J454820', 'F', '1989-07-13', '2012-11-01', 5, NULL, NULL, -1),
('1847787', 46, 5, NULL, ' LOTFI ', 'LAHOUCINE', 'لطفي', 'الحسين', 'JB393', 'M', '1965-11-12', '1989-01-01', 6, NULL, NULL, -1),
('1847789', 8, 1, NULL, 'MOKHTARI ', 'EL MOKHTAR', 'مختاري', 'المختار', 'EB727', 'M', '1965-12-31', '1989-10-01', 1, NULL, NULL, -1),
('1847790', 38, 1, NULL, ' BARI ', 'BOUBKER', 'باري', 'ببكر', 'JD956', 'M', '1965-12-31', '1999-11-01', 7, NULL, NULL, -1),
('1847791', 37, 1, NULL, 'LOTFI ', 'ABDELHAKIM', 'لطفي', 'عبد الحاكيم', 'JB1542', 'M', '1965-08-20', '1991-01-01', 6, NULL, NULL, -1),
('1847792', 33, 1, NULL, 'AIT SIDI BRAHIM ', 'AICHA', 'ايت سدي ابراهيم', 'عائشة', 'JF2510', 'F', '1966-08-06', '1990-09-16', 6, NULL, NULL, -1),
('1847793', 26, 23, NULL, 'ABOUTAYEB ', 'ABDELHADI', 'ابوالطيب', 'عبد الهادي', 'JM2536', 'M', '1987-07-01', '2014-06-27', 8, NULL, NULL, -1),
('1847794', 44, 5, NULL, 'AGHROUCH ', 'HAFIDA', 'اغروش', 'حفيظة', 'FG4590', 'F', '1972-02-17', '2008-08-01', 2, NULL, NULL, -1),
('1847795', 17, 1, NULL, 'BEN SAID', 'HASSAN', 'بن سعيد', 'حسن', 'JB4862', 'M', '1965-11-05', '1997-02-03', 6, NULL, NULL, -1),
('1847796', 6, 20, NULL, 'KHOAY ', 'ABDERRAHMAN', 'خواي', 'عبد الرحمان', 'JB4930', 'M', '1965-05-26', '1991-08-01', 9, NULL, NULL, -1),
('1847797', 35, 2, NULL, 'CHOUKOUD ', 'MERZOUK', 'شكود', 'مرزوق', 'JB4948', 'M', '1963-12-31', '1988-01-01', 10, NULL, NULL, -1),
('1847798', 6, 1, NULL, 'OUBLAL ', 'LHASSAN', 'ابلال', 'الحسن', 'JD5166', 'M', '1968-12-31', '1998-02-12', 7, NULL, NULL, -1),
('1847799', 35, 2, NULL, 'BENOUZEKRI ', 'BERRAHAL', 'بنوزكري', 'برحال', 'XA5427', 'M', '1963-10-23', '1989-07-01', 10, NULL, NULL, -1),
('1847800', 6, 1, NULL, 'EL GARTIT ', 'LARBI', 'الكرطيط', 'العربي', 'EB6343', 'M', '1959-12-31', '1998-08-13', 7, NULL, NULL, -1),
('1847801', 17, 1, NULL, 'EL MOUTAOUAKIL ', 'BRAHIM', 'المتوكل', 'ابراهيم', 'JB8555', 'M', '1962-12-31', '1997-02-03', 7, NULL, NULL, -1),
('1847802', 1, 20, NULL, 'EL IDRISSI ', 'MOHAMED', 'الادريسي', 'محمد', 'PB8796', 'M', '1965-03-07', '1991-08-01', 9, NULL, NULL, -1),
('1847803', 35, 2, NULL, 'ELAISSI ', 'RABIAA', 'العيسي', 'ربيعة', 'JC10176', 'F', '1966-06-17', '1992-07-01', 10, NULL, NULL, -1),
('1847804', 6, 1, NULL, 'LAKHAL ', 'ALI', 'لكحل', 'عالي', 'JB110424', 'M', '1973-12-31', '1998-02-12', 7, NULL, NULL, -1),
('1847805', 6, 1, NULL, 'BOUQAL ', 'ABDESLEM', 'بقال', 'عبد السلام', 'JB11717', 'M', '1966-12-31', '1998-02-12', 11, NULL, NULL, -1),
('1847806', 33, 1, NULL, 'BOUJAKHAR ', 'MED FADEL', 'بوجخار', 'محمد فاضل', 'JA11977', 'M', '1967-08-01', '1995-07-12', 7, NULL, NULL, -1),
('1847807', 6, 1, NULL, 'GADOUNI ', 'LAHCEN', 'كادوني', 'الحسن', 'JB12308', 'M', '1966-12-31', '1998-12-08', 11, NULL, NULL, -1),
('1847808', 5, 9, NULL, 'BAKKAS ', 'ALI', 'بكاس', 'علي', 'JD12913', 'M', '1970-04-27', '1996-06-01', 12, NULL, NULL, -1),
('1847809', 6, 1, NULL, 'ID LAHCEN ', 'AHMED', 'اذ الحسن', 'احمد', 'JD14967', 'M', '1970-01-21', '1998-08-13', 7, NULL, NULL, -1),
('1847811', 33, 2, NULL, 'ABOUJOURAIF ', 'ABDELKADER', 'ابوجاريف', 'عبد القادر', 'JB15942', 'M', '1962-01-15', '1989-01-01', 13, NULL, NULL, -1),
('1847813', 4, 20, NULL, 'ELFARESSE ', 'MOHAMED', 'الفارس', 'محمد', 'OD17455', 'M', '1974-05-21', '2001-07-13', 14, NULL, NULL, -1),
('1847814', 24, 4, NULL, 'BELLA ', 'MOHAMED', 'بلا', 'محمد', 'JD17884', 'M', '1972-12-31', '1998-12-09', 15, '2018-01-02', '2012-01-01', -1),
('1847815', 17, 1, NULL, 'OUSSOUBRO ', 'OMAR', 'اصبرو', 'عمر', 'JE17966', 'M', '1966-12-31', '1995-07-12', 7, NULL, NULL, -1),
('1847816', 6, 1, NULL, 'GIM ', 'MOHAMED', 'جيم', 'محمد', 'BJ18350', 'M', '1961-12-31', '1998-02-12', 7, NULL, NULL, -1),
('1847817', 6, 13, NULL, 'SANDI ', 'MOHAMED', 'سندي', 'محمد', 'JC18555', 'M', '1966-12-31', '1989-06-01', 16, NULL, NULL, -1),
('1847818', 40, 6, NULL, 'EL KAROUR ', 'LAHCEN', 'الكرور', 'الحسن', 'JB18585', 'M', '1967-12-31', '1991-08-01', 17, NULL, NULL, -1),
('1847819', 24, 18, NULL, 'MANDA ', 'ABDELLAH', 'منضة', 'عبد الله', 'JB18924', 'M', '1963-07-27', '1996-05-01', 18, NULL, NULL, -1),
('1847820', 6, 1, NULL, 'TGHRA ', 'MOHAMED', 'اتغرا', 'محمد', 'JB19479', 'M', '1960-12-31', '1996-05-13', 6, NULL, NULL, -1),
('1847821', 6, 1, NULL, 'BATTAH ', 'HAMID', 'بطاح', 'حميد', 'JB19611', 'M', '1966-05-21', '1999-11-01', 11, NULL, NULL, -1),
('1847822', 1, 18, NULL, 'FARHAT ', 'ABDERRAHMANE', 'فرحات', 'عبد الرحمان', 'PA20040', 'M', '1969-01-01', '2001-07-13', 19, NULL, NULL, -1),
('1847823', 8, 1, NULL, 'DALIL', 'ABDELATIF', 'ضليل', 'عبد اللطيف', 'EA20637', 'M', '1970-04-30', '1999-11-01', 7, NULL, NULL, -1),
('1847824', 10, 1, NULL, 'MAAROUF ', 'ABDELMAJID', 'معروف', 'عبد المجيد', 'JB22077', 'M', '1965-12-31', '1997-04-21', 6, NULL, NULL, -1),
('1847825', 1, 21, NULL, 'ENNACIRI ', 'MOHAMED', 'الناصري', 'محمد', 'Q23685', 'M', '1959-02-26', '1980-07-01', 20, NULL, NULL, -1),
('1847826', 6, 1, NULL, 'SOUMANE ', 'SMAIL', 'سومان', 'اسماعيل', 'JB24128', 'M', '1966-12-31', '1998-12-09', 7, NULL, NULL, -1),
('1847827', 46, 21, NULL, 'BOURZGUI ', 'NADIA', 'بورزكي', 'نادية', 'N26539', 'F', '1961-01-21', '1991-08-01', 20, NULL, NULL, -1),
('1847828', 6, 1, NULL, 'EL KHAYDAR ', 'MOULOUD', 'الخيدر', 'مولود', 'JD27456', 'M', '1975-03-28', '1998-02-12', 7, NULL, NULL, -1),
('1847831', 8, 1, NULL, 'MOUBARIK ', 'ABDELLAH', 'مبارك', 'عبد الله', 'JB32831', 'M', '1966-06-27', '1991-01-01', 6, NULL, NULL, -1),
('1847832', 6, 1, NULL, 'AIT BRAHIM ', 'OMAR', 'ايت ابراهيم', 'عمر', 'JC33753', 'M', '1968-01-19', '1995-07-14', 6, NULL, NULL, -1),
('1847833', 28, 20, NULL, 'BOUHAMAN ', 'ABDERRAHIM', 'بوحمان', 'عبد الرحيم', 'HA34126', 'M', '1971-02-15', '1994-11-01', 9, NULL, NULL, -1),
('1847835', 6, 1, NULL, 'BOUOUDI ', 'BRAHIM', 'بودي', 'ابراهيم', 'JC35861', 'M', '1962-12-31', '1998-08-13', 7, NULL, NULL, -1),
('1847836', 6, 1, NULL, 'TAOUIR ', 'MOHAMED', 'طوير', 'محمد', 'JB36326', 'M', '1959-09-11', '1998-12-09', 7, NULL, NULL, -1),
('1847837', 26, 18, NULL, 'ICHAT ', 'AHMED', 'اشت', 'احمد', 'JB36726', 'M', '1968-05-05', '2007-08-01', 21, NULL, NULL, -1),
('1847838', 27, 12, NULL, 'IBERDI ', 'LAHCEN', 'يبردي', 'الحسن', 'JB37132', 'M', '1964-06-20', '1988-01-01', 22, NULL, NULL, -1),
('1847839', 37, 3, NULL, 'BAKHOUCH ', 'FARES', 'بخوش', 'فارس', 'JB37622', 'M', '1967-10-24', '2000-07-03', 5, NULL, NULL, -1),
('1847840', 8, 12, NULL, 'GOUDRIM ', 'MOHAMED', 'كودريم', 'محمد', 'JB38539', 'M', '1968-01-12', '1991-01-01', 23, NULL, NULL, -1),
('1847841', 21, 10, NULL, 'KHALI ', 'SALAH', 'خالي', 'صالح', 'J38624', 'M', '1959-12-31', '1985-09-01', 24, NULL, NULL, -1),
('1847842', 6, 1, NULL, 'EL KOUHAILI ', 'ABDELHADI', 'الكحيلي', 'عبد الهادي', 'JB38769', 'M', '1966-07-16', '1996-05-06', 6, NULL, NULL, -1),
('1847844', 2, 20, NULL, 'DAHMANE ', 'THAMI', 'دحمان', 'التهامي', 'EA39349', 'M', '1975-12-31', '1998-05-15', 25, NULL, NULL, -1),
('1847845', 44, 12, NULL, 'EL JALOUANI ', 'HAFIDA', 'الجلواني', 'حفيظة', 'JB39550', 'F', '1963-10-30', '1991-01-01', 26, NULL, NULL, -1),
('1847846', 17, 1, NULL, 'EL MHADI ', 'M''BAREK', 'المهادي', 'مبارك', 'SH39588', 'M', '1959-12-31', '1991-01-01', 1, NULL, NULL, -1),
('1847847', 6, 1, NULL, 'EL IDRISSI ', 'My LHASSAN', 'الادريسي', 'مولاي الحسن', 'PB40730', 'M', '1976-09-10', '1998-08-13', 7, NULL, NULL, -1),
('1847848', 6, 1, NULL, 'QABBACHI ', 'HAMID', 'قباش', 'حميد', 'HA42466', 'M', '1971-02-21', '1999-11-01', 7, NULL, NULL, -1),
('1847849', 24, 1, NULL, 'OUBIHI ', 'HASSAN', 'ابيهي', 'حسن', 'JB42515', 'M', '1968-08-12', '1998-08-13', 2, NULL, NULL, -1),
('1847850', 8, 1, NULL, 'ANFLOUS ', 'ABDALLAH', 'انفلوس', 'عبد الله', 'JC42649', 'M', '1969-12-31', '1999-11-01', 11, NULL, NULL, -1),
('1847851', 6, 1, NULL, 'EL HAIBA ', 'EL MUSTAPHA', 'الهيبة', 'المصطفى', 'HA43633', 'M', '1968-12-31', '2003-03-24', 11, NULL, NULL, -1),
('1847852', 35, 1, NULL, 'NIYA ', 'KHADIJA', 'النية', 'خديجة', 'JB43899', 'F', '1966-12-31', '1991-01-01', 6, NULL, NULL, -1),
('1847853', 6, 1, NULL, 'HANNIOUI ', 'ABDERRAZAK', 'حنوي', 'عبد الرزاق', 'JB44841', 'M', '1962-12-31', '1995-07-24', 7, NULL, NULL, -1),
('1847854', 41, 1, NULL, 'OUAFI ', 'HAFID EL IDRISSI', 'وفي', 'حافظ الادريسي', 'Y44913', 'M', '1966-03-29', '1997-02-03', 6, NULL, NULL, -1),
('1847855', 17, 12, NULL, 'FLYH ', 'AHMED', 'فليح', 'احمد', 'CB46975', 'M', '1973-12-31', '1998-08-13', 23, NULL, NULL, -1),
('1847856', 14, 1, NULL, 'OULAD ABBOU ', 'EL MOKHTAR', 'اولاد عبو', 'المختار', 'JB47969', 'M', '1969-03-15', '1993-01-01', 6, NULL, NULL, -1),
('1847857', 34, 1, NULL, 'ID BALLAJ ', 'MUSTAPHA', 'اد بلاج', 'مصطفى ', 'JB50253', 'M', '1967-03-16', '1999-11-01', 7, NULL, NULL, -1),
('1847858', 17, 1, NULL, 'KOUKOU ', 'EL HASSAN', 'كوكو', 'الحسن', 'JB50724', 'M', '1969-12-31', '1993-08-01', 6, NULL, NULL, -1),
('1847859', 25, 18, NULL, 'BAHCHOUM', 'AHMED', 'باهشوم', 'احمد', 'JB51935', 'M', '1968-05-20', '2007-08-01', 21, NULL, NULL, -1),
('1847860', 6, 1, NULL, 'ID BENYAHYA', 'OMAR', 'ادبنيحي', 'عمر', 'JB51937', 'M', '1967-10-03', '1994-09-15', 6, NULL, NULL, -1),
('1847861', 6, 1, NULL, 'HARRAT', 'OMAR', 'حرات', 'عمر', 'JB52858', 'M', '1962-03-04', '1997-02-03', 7, NULL, NULL, -1),
('1847862', 36, 5, NULL, 'ACHMAME ', 'MOHAMED', 'اشمام', 'محمد', 'JB53703', 'M', '1969-04-20', '1999-11-01', 7, NULL, NULL, -1),
('1847863', 23, 12, NULL, 'EL MAAI ', 'EL HOUCINE', 'الماعي', 'الحسين', 'JB54305', 'M', '1968-06-08', '1992-01-13', 26, NULL, NULL, -1),
('1847864', 17, 1, NULL, 'ABAILLOUCH ', 'MOHAMED', 'عبيلوش', 'محمد', 'I56459', 'M', '1959-12-31', '1995-07-14', 6, NULL, NULL, -1),
('1847865', 40, 14, NULL, 'ABDELWAFI ', 'ABERRAZAK', 'عبد الوافي', 'عبد الرزاق', 'BH56882', 'M', '1965-07-09', '1996-06-01', 18, NULL, NULL, -1),
('1847866', 15, 1, NULL, 'BOULKHORS ', 'ALI', 'بوالخرص', 'علي', 'JE59534', 'M', '1971-08-21', '1996-05-08', 6, NULL, NULL, -1),
('1847867', 6, 1, NULL, 'CHAWKI ', 'MOHAMED', 'شوقي', 'محمد', 'JB61847', 'M', '1959-12-31', '1995-07-05', 7, NULL, NULL, -1),
('1847868', 6, 1, NULL, 'EL KOUHICH ', 'LARBI', 'الكحيش', 'العربي', 'JB63066', 'M', '1960-03-01', '1995-07-11', 6, NULL, NULL, -1),
('1847869', 6, 1, NULL, 'EL AOUBIDI ', 'ISSA', 'العوبيدي', 'عيسى', 'JB64242', 'M', '1969-12-31', '1998-02-12', 7, NULL, NULL, -1),
('1847870', 1, 21, NULL, 'MSALAK ', 'MOHAMED', 'امسلك', 'محمد', 'BE64378', 'M', '1965-01-07', '1987-09-01', 20, NULL, NULL, -1),
('1847871', 6, 1, NULL, 'YAYA ', 'MOHAMED', 'يايا', 'محمد', 'JB64382', 'M', '1969-07-16', '1997-04-21', 6, NULL, NULL, -1),
('1847872', 17, 1, NULL, 'MARRAOUI ', 'HAMID', 'المراوي', 'حميد', 'HA65041', 'M', '1977-01-07', '1998-02-12', 7, NULL, NULL, -1),
('1847873', 6, 1, NULL, 'FIRAOUNI ', 'MOHAMED', 'فرعوني', 'محمد', 'JB66061', 'M', '1970-12-31', '1998-01-01', 6, NULL, NULL, -1),
('1847874', 6, 1, NULL, 'SIDAMI ', 'LAHBIB', 'سيدامي', 'الحبيب', 'JB71790', 'M', '1968-10-12', '1998-12-03', 7, NULL, NULL, -1),
('1847875', 36, 5, NULL, 'BEN MENSOUR ', 'MUSTAPHA', 'بن منصور', 'مصطفى ', 'JB72815', 'M', '1970-04-22', '1998-12-02', 6, NULL, NULL, -1),
('1847876', 29, 4, NULL, 'BOUHACH ', 'HASSAN', 'بوهاش', 'حسن', 'JB73444', 'M', '1969-01-07', '2006-09-01', 27, NULL, NULL, -1),
('1847877', 17, 12, NULL, 'ABOUIHIA ', 'MOHAMED', 'ابويحيا', 'محمد', 'JB73576', 'M', '1969-10-01', '2000-07-03', 23, NULL, NULL, -1),
('1847878', 33, 20, NULL, 'TITANE ', 'LAHSEN', 'تيتان', 'لحسن', 'Q73648', 'M', '1960-08-11', '1991-07-22', 9, NULL, NULL, -1),
('1847879', 36, 12, NULL, 'MESTAOUI', 'RACHID', 'مستوي', 'رشيد', 'Q73706', 'M', '1963-06-23', '1998-02-12', 22, NULL, NULL, -1),
('1847880', 17, 1, NULL, 'EL MAKHLOUK ', 'OMAR', 'المخلوق', 'عمر', 'JB78834', 'M', '1969-02-08', '1998-02-12', 7, NULL, NULL, -1),
('1847881', 6, 1, NULL, 'LAMTAYLESS ', 'MOULOUD', 'لمتيلاس', 'مولود', 'JA82661', 'M', '1980-03-10', '1999-11-01', 7, NULL, NULL, -1),
('1847883', 17, 1, NULL, 'AYAD ', 'EL MUSTAPHA', 'عياد', 'المصطفى', 'JB83880', 'M', '1970-12-31', '1995-07-07', 6, NULL, NULL, -1),
('1847884', 6, 1, NULL, 'EL MASSAOUDI ', 'ABDESSADEK', 'المسعودي', 'عبد الصادق', 'N84595', 'M', '1971-12-31', '1998-02-12', 7, NULL, NULL, -1),
('1847885', 30, 10, NULL, 'EL MELH ', 'HASSAN', 'الملح', 'حسن', 'JB87020', 'M', '1970-08-18', '2002-08-07', 12, NULL, NULL, -1),
('1847886', 25, 18, NULL, 'OUAHMAN ', 'AICHA', 'واحمان', 'عائشة', 'JB87404', 'F', '1971-03-31', '1999-01-04', 18, NULL, NULL, -1),
('1847888', 17, 1, NULL, 'OUMOULAY ', 'EL HOUCINE', 'اومولاي', 'الحسين', 'JC91138', 'M', '1972-12-31', '2006-11-01', 2, NULL, NULL, -1),
('1847889', 1, 1, NULL, 'AZGOUR ', 'RACHIDA', 'ازكور', 'رشيدة', 'JB93907', 'F', '1970-02-12', '1992-01-09', 1, NULL, NULL, -1),
('1847890', 6, 1, NULL, 'LOUGAIDA ', 'YAHYA', 'لكعيد', 'يحيى', 'JB94802', 'M', '1970-11-30', '1997-02-03', 6, NULL, NULL, -1),
('1847891', 6, 1, NULL, 'EL MOUNIR ', 'HASSAN', 'المنير', 'الحسان', 'JB96143', 'M', '1972-12-31', '2000-07-03', 7, NULL, NULL, -1),
('1847892', 10, 12, NULL, 'EL KHATTABI ', 'SAMIRA', 'الخطابي', 'سميرة', 'P97217', 'F', '1970-02-13', '1991-01-01', 26, NULL, NULL, -1),
('1847894', 6, 1, NULL, 'ER-RAMLY ', 'BOUCHAIB', 'الرملي', 'بوشعيب', 'JB101436', 'M', '1968-12-31', '1999-11-01', 11, NULL, NULL, -1),
('1847895', 6, 11, NULL, 'OUAKDY ', 'LARBI', 'وقضي', 'العربي', 'J101954', 'M', '1960-09-05', '1983-01-01', 28, NULL, NULL, -1),
('1847896', 17, 1, NULL, 'CHOUAIB ', 'SALAH', 'شعيب', 'الصالح', 'P102578', 'M', '1958-12-31', '1988-01-01', 6, NULL, NULL, -1),
('1847898', 6, 1, NULL, 'LAMOUASSI ', 'MANSOUR', 'لمواسي', 'منصور', 'J107025', 'M', '1960-12-31', '1995-07-11', 7, NULL, NULL, -1),
('1847899', 41, 5, NULL, 'GUENNOUN ', 'EL MOSTAPHA', 'ﯖنون', 'المصطفى', 'JB110341', 'M', '1970-11-16', '1999-11-01', 6, NULL, NULL, -1),
('1847900', 6, 1, NULL, 'LAMKHAILIF ', 'MOHAMED', 'لمخيلف', 'محمد', 'JB111970', 'M', '1972-08-22', '1998-08-13', 7, NULL, NULL, -1),
('1847901', 38, 2, NULL, 'BOUFADLA ', 'ZINEB', 'بوفضلة', 'زينب', 'JB112716', 'F', '1970-03-13', '1995-01-02', 29, NULL, NULL, -1),
('1847902', 16, 19, NULL, 'AIT BOUHOU ', 'ISMAIL', 'ايت بوهو', 'اسماعيل', 'P117654', 'M', '1972-03-03', '2002-09-11', 12, NULL, NULL, -1),
('1847903', 8, 1, NULL, 'RAJI ', 'BRAHIM', 'راجي', 'ابراهيم', 'JB117918', 'M', '1968-01-01', '1999-11-01', 7, NULL, NULL, -1),
('1847904', 37, 2, NULL, 'LOTFI ', 'NAIMA', 'لطفي', 'نعيمة', 'JB118036', 'F', '1972-01-15', '1996-01-02', 29, NULL, NULL, -1),
('1847905', 30, 20, NULL, 'BENAALIOUA ', 'ABDELAZIZ', 'بن اعليوة', 'عبد العزيز', 'J119944', 'M', '1963-12-31', '1991-08-01', 9, NULL, NULL, -1),
('1847906', 6, 1, NULL, 'KHOUY ', 'RACHID', 'اخوي', 'رشيد', 'JB121163', 'M', '1974-04-01', '1998-02-12', 7, NULL, NULL, -1),
('1847907', 6, 1, NULL, 'ABOUAMER ', 'AHMED', 'ابوعامر', 'احمد', 'JB121246', 'M', '1972-12-31', '1998-02-12', 11, NULL, NULL, -1),
('1847908', 6, 1, NULL, 'AYAD ', 'MOHAMED', 'عياد', 'محمد', 'JB121842', 'M', '1973-12-31', '1994-09-15', 6, NULL, NULL, -1),
('1847909', 38, 1, NULL, 'LATRACHE ', 'LATIFA', 'لطرش', 'لطيفة', 'I123253', 'F', '1961-12-10', '1992-02-01', 6, NULL, NULL, -1),
('1847911', 6, 1, NULL, 'ABLAL ', 'EL MAHJOUB', 'ابلال', 'المحجوب', 'JB129859', 'M', '1973-12-31', '1998-02-12', 7, NULL, NULL, -1),
('1847912', 10, 1, NULL, 'ABAILOUCH ', 'BRAHIM', 'عبيلوش', 'ابراهيم', 'J133334', 'M', '1963-12-31', '1997-04-21', 6, NULL, NULL, -1),
('1847913', 17, 1, NULL, 'BEN HOUSSAIN ', 'MOHAMED', 'بنحسين', 'محمد', 'J133742', 'M', '1961-04-27', '1998-02-12', 7, NULL, NULL, -1),
('1847914', 6, 1, NULL, 'BAKHOUCH ', 'MOHAMED', 'بخوش', 'محمد', 'J134431', 'M', '1960-11-12', '1995-07-14', 7, NULL, NULL, -1),
('1847915', 6, 1, NULL, 'BIHI ', 'BRAHIM', 'بيهي', 'ابراهيم', 'JE135467', 'M', '1975-04-01', '2000-07-03', 7, NULL, NULL, -1),
('1847916', 14, 1, NULL, 'BARI ', 'BRAHIM', 'باري', 'ابراهيم', 'J135587', 'M', '1963-01-01', '1997-02-03', 6, NULL, NULL, -1),
('1847917', 19, 5, NULL, 'EL ALAOUI ', 'NOUREDDINE', 'العلوي', 'نور الدين', 'JB137663', 'M', '1974-02-24', '2003-03-24', 7, NULL, NULL, -1),
('1847918', 6, 1, NULL, 'LABBI ', 'LAHCEN', 'لابي', 'الحسن', 'JB140269', 'M', '1974-12-04', '2000-07-03', 7, NULL, NULL, -1),
('1847919', 6, 1, NULL, 'OUNIS ', 'KHALID', 'ونيص', 'خالد', 'JB140956', 'M', '1973-10-12', '1998-02-12', 7, NULL, NULL, -1),
('1847920', 31, 8, NULL, 'BAIRIS ', 'MOHAMED', 'بعيريس', 'محمد', 'J142150', 'M', '1962-12-31', '1992-01-16', 30, NULL, NULL, -1),
('1847921', 18, 18, NULL, 'ESSALIH ', 'KHADIJA', 'الصالح', 'خديجة', 'JB143226', 'F', '1972-12-30', '2007-12-03', 21, NULL, NULL, -1),
('1847922', 6, 1, NULL, 'HAROUCHI ', 'DRISS', 'حروشي', 'ادريس', 'JB149267', 'M', '1975-12-31', '1998-08-13', 7, NULL, NULL, -1),
('1847924', 35, 2, NULL, 'SIDKI ', 'TAHAR', 'صدقي', 'الطاهر', 'M157366', 'M', '1962-09-20', '1991-01-01', 13, NULL, NULL, -1),
('1847925', 8, 12, NULL, 'ACHBAR ', 'ABDELHAMID', 'اشبار', 'عبد الحميد', 'C159645', 'M', '1959-12-31', '1991-08-01', 22, NULL, NULL, -1),
('1847926', 6, 1, NULL, 'BGHYA ', 'MESSAOUD', 'بغيا', 'مسعود', 'J162214', 'M', '1960-12-31', '1998-02-12', 7, NULL, NULL, -1),
('1847927', 35, 1, NULL, 'HAMZAOUI ', 'KHADIJA', 'حمزاوي', 'خديجة', 'JB164061', 'F', '1976-06-15', '2005-01-03', 2, NULL, NULL, -1),
('1847928', 6, 1, NULL, 'BAHAN ', 'LAHCEN', 'بحان', 'الحسن', 'J165179', 'M', '1963-04-09', '1996-05-15', 6, NULL, NULL, -1),
('1847929', 22, 5, NULL, 'DOUNASS ', 'BRAHIM', 'دوناس', 'ابراهيم', 'J165260', 'M', '1962-08-18', '1987-01-01', 11, NULL, NULL, -1),
('1847930', 18, 8, NULL, 'LADOUYAB ', 'MOHAMED', 'لدوياب', 'محمد', 'J165907', 'M', '1960-09-10', '1992-01-13', 30, NULL, NULL, -1),
('1847931', 32, 1, NULL, 'OUARZANI ', 'HICHAM', 'ورزاني', 'هشام', 'JB166510', 'M', '1975-01-22', '2003-03-24', 11, NULL, NULL, -1),
('1847932', 6, 1, NULL, 'BOUNOR ', 'CHERIF', 'بونور', 'الشريف', 'JB166616', 'M', '1976-06-26', '1998-12-07', 7, NULL, NULL, -1),
('1847933', 10, 1, NULL, 'FAKHRI ', 'FADILA', 'فاخري', 'فضيلة', 'J166623', 'F', '1959-03-01', '1998-12-09', 7, NULL, NULL, -1),
('1847934', 1, 12, NULL, 'OUTMARGUINE ', 'LARBI', 'اوتماركين', 'العربي', 'J168266', 'M', '1960-02-27', '1991-08-01', 22, NULL, NULL, -1),
('1847935', 17, 20, NULL, 'EL BOUDI ', 'HAMMAD', 'البودي', 'حماد', 'J168781', 'M', '1963-12-31', '1984-09-01', 31, NULL, NULL, -1),
('1847936', 34, 1, NULL, 'OUCHAIB ', 'MOHAMED', 'اشعيب', 'محمد', 'JB170676', 'M', '1975-08-01', '2002-01-14', 11, NULL, NULL, -1),
('1847937', 17, 1, NULL, 'AIT MAJOUD ', 'ISMAIL', 'ايت مجوظ', 'اسماعيل', 'JC170931', 'M', '1977-09-08', '2006-11-01', 2, NULL, NULL, -1),
('1847938', 17, 12, NULL, 'EL KOUIRI ', 'MONIR', 'الكويري', 'منير', 'JB171337', 'M', '1975-12-01', '1998-12-02', 23, NULL, NULL, -1),
('1847939', 18, 1, NULL, 'ABIDA ', 'SAID', 'عبيدا', 'سعيد', 'JB172105', 'M', '1976-12-31', '2002-01-14', 11, NULL, NULL, -1),
('1847940', 18, 1, NULL, 'GHALEB ', 'BRAHIM', 'غالب', 'ابراهيم', 'J172306', 'M', '1963-06-26', '1995-07-03', 6, NULL, NULL, -1),
('1847942', 18, 1, NULL, 'BOUSSER ', 'ABDALLAH', 'بوالسير', 'عبد الله', 'J175466', 'M', '1960-10-05', '1998-12-03', 11, NULL, NULL, -1),
('1847944', 39, 1, NULL, 'ZAID ', 'LAHOUCINE', 'زائد', 'الحسين', 'J176189', 'M', '1963-04-06', '1991-06-01', 16, NULL, NULL, -1),
('1847946', 6, 1, NULL, 'SIKOU ', 'MOHAMED', 'سيكو', 'محمد', 'JB177112', 'M', '1958-12-03', '1998-08-13', 11, NULL, NULL, -1),
('1847947', 23, 1, NULL, 'EL OUASYNY ', 'AHMED', 'الوسيني', 'احمد', 'W183707', 'M', '1973-12-31', '1998-02-12', 7, NULL, NULL, -1),
('1847948', 36, 1, NULL, 'HMAITANE ', 'RACHID', 'حميتان', 'رشيد', 'JB188702', 'M', '1978-01-31', '1998-12-04', 11, NULL, NULL, -1),
('1847949', 13, 16, NULL, 'AZRHIRH ', 'FATIMA', 'ازغيغ', 'فاطمة', 'JB189418', 'F', '1977-03-27', '2012-10-15', 4, NULL, NULL, -1),
('1847950', 47, 18, NULL, 'EL MELH ', 'LAHOUCINE', 'الملح', 'الحسين', 'JB194224', 'M', '1978-06-21', '2003-03-24', 18, NULL, NULL, -1),
('1847951', 41, 23, NULL, 'DERGUI ', 'BOUCHTA', 'الدرﯕـي', 'بوشتى', 'J195219', 'M', '1963-04-11', '1992-07-01', 32, NULL, NULL, -1),
('1847952', 7, 1, NULL, 'BDOUA ', 'EL MOSTAPHA', 'بدوع', 'المصطفى', 'H198733', 'M', '1964-12-31', '1998-02-12', 7, NULL, NULL, -1),
('1847953', 38, 1, NULL, 'BOURICHA ', 'SAID', 'بورشا', 'سعيد', 'JB199479', 'M', '1979-07-23', '2006-11-01', 2, NULL, NULL, -1),
('1847954', 6, 1, NULL, 'BARI ', 'MOHAMED', 'باري', 'محمد', 'JB202011', 'M', '1977-02-23', '1999-11-01', 7, NULL, NULL, -1),
('1847955', 6, 1, NULL, 'ROUZTAMI ', 'RACHID', 'رزطامي', 'رشيد', 'JB205330', 'M', '1978-01-22', '1998-02-12', 7, NULL, NULL, -1),
('1847957', 41, 1, NULL, 'EL BAZ ', 'HASSAN', 'الباز', 'حسن', 'J210356', 'M', '1962-12-31', '1997-02-03', 6, NULL, NULL, -1),
('1847958', 30, 11, NULL, 'GOUDRIM ', 'ABDENNABI', 'كودريم', 'عبد النبي', 'J210981', 'M', '1962-04-21', '1989-01-01', 28, NULL, NULL, -1),
('1847960', 6, 13, NULL, 'EL KOUHICH ', 'M''BAREK', 'الكحيش', 'مبارك', 'J214542', 'M', '1962-11-26', '1986-03-01', 13, NULL, NULL, -1),
('1847961', 42, 1, NULL, 'EL HAIK ', 'ABDERRAHIM', 'الحايك', 'عبد الرحيم', 'J221844', 'M', '1965-01-12', '1999-11-01', 7, NULL, NULL, -1),
('1847962', 18, 12, NULL, 'CHEKAIJ ', 'MOHAMED', 'شكايج', 'محمد', 'J222923', 'M', '1963-10-20', '1992-01-15', 26, NULL, NULL, -1),
('1847963', 6, 1, NULL, 'EL MARZOUKI  ', 'MOHAMED', 'المرزوقي', 'محمد', 'J225338', 'M', '1959-12-31', '1995-07-03', 6, NULL, NULL, -1),
('1847964', 42, 1, NULL, 'BOUKJAT', 'ABDELALI', 'بوكجة', 'عبد العالي', 'J227931', 'M', '1959-05-14', '1998-12-01', 7, NULL, NULL, -1),
('1847965', 6, 1, NULL, 'MARRA ', 'DRISS', 'مرا', 'دريس', 'J228842', 'M', '1965-12-31', '1995-07-05', 6, NULL, NULL, -1),
('1847967', 13, 11, NULL, 'RACHAD ', 'EL HABIB', 'رشاد', 'الحبيب', 'J234319', 'M', '1962-12-31', '1990-10-01', 22, NULL, NULL, -1),
('1847968', 26, 5, NULL, 'AIT OURHLAD ', 'LAHOUCINE', 'ايت اغلد', 'الحسين', 'JB238848', 'M', '1978-06-30', '2008-11-30', 2, NULL, NULL, -1),
('1847970', 31, 5, NULL, 'EL BOUZIDI ', 'BRAHIM', 'البوزيدي', 'ابراهيم', 'J247623', 'M', '1967-12-31', '1995-08-01', 7, NULL, NULL, -1),
('1847971', 18, 1, NULL, 'BARGACH ', 'AHMED', 'بركاش', 'احمد', 'JE247882', 'M', '1989-04-02', '2014-06-27', 33, NULL, NULL, -1),
('1847972', 3, 10, NULL, 'MAALAOUI ', 'AZIZA', 'معلوي', 'عزيزة', 'J248426', 'F', '1968-04-28', '1991-08-01', 24, NULL, NULL, -1),
('1847973', 17, 1, NULL, 'BADDOUZ ', 'KHALID', 'بضوز', 'خالد', 'JB250141', 'M', '1977-01-27', '1999-11-01', 11, NULL, NULL, -1),
('1847974', 23, 18, NULL, 'ELBRINSSI ', 'NAJIB', 'البرينصي', 'نجيب', 'Z252786', 'M', '1972-08-17', '2001-08-10', 19, NULL, NULL, -1),
('1847975', 32, 1, NULL, 'ZOUATNI ', 'HALIMA', 'الزواتني', 'حليمة', 'J254027', 'F', '1966-12-31', '1985-03-01', 16, NULL, NULL, -1),
('1847976', 36, 11, NULL, 'ASSAOURI ', 'FATIMA', 'اساوري', 'فاطمة', 'J256472', 'F', '1963-07-15', '1985-03-01', 34, NULL, NULL, -1),
('1847977', 14, 4, NULL, 'SOULI ', 'M''HAND', 'سولي', 'محند', 'J257509', 'M', '1965-05-05', '1991-08-01', 12, NULL, NULL, -1),
('1847978', 10, 1, NULL, 'ANFLOUS ', 'MOHAMED', 'انفلوس', 'محمد', 'JB261511', 'M', '1979-12-31', '1998-12-04', 11, NULL, NULL, -1),
('1847979', 37, 12, NULL, 'ZAKI EL IDRISSI ', 'AICHA', 'زكي الادريسي', 'عائشة', 'J265018', 'F', '1968-03-13', '1991-08-01', 28, NULL, NULL, -1),
('1847980', 6, 1, NULL, 'CHAKROUN ', 'ABDESSAMAD', 'شقرون', 'عبد الصمد', 'E265566', 'M', '1964-11-02', '1998-12-02', 11, NULL, NULL, -1),
('1847981', 6, 1, NULL, 'RAFIK', 'EL HASSAN', 'رفيق', 'الحسن', 'H268119', 'M', '1975-08-25', '1998-02-12', 7, NULL, NULL, -1),
('1847982', 12, 18, NULL, 'AIT EL BOUHATI ', 'MOHAMMED', 'ايت البحاطي', 'محمد', 'JB272352', 'M', '1981-08-23', '2008-11-03', 21, NULL, NULL, -1),
('1847983', 6, 1, NULL, 'BAGHDAD ', 'MOHAMED', 'بغداد', 'محمد', 'JB280071', 'M', '1981-02-27', '2009-01-02', 2, NULL, NULL, -1),
('1847984', 8, 18, NULL, 'BABAALI ', 'ABDERRAHIM', 'ببعلي', 'عبد الرحيم', 'JB291654', 'M', '1981-09-29', '2008-08-01', 21, NULL, NULL, -1),
('1847986', 46, 1, NULL, 'RAOUI ', 'AIMAD', 'الراوي', 'عماد', 'JB292844', 'M', '1982-10-04', '2002-01-14', 11, NULL, NULL, -1),
('1847987', 17, 20, NULL, 'ICHIBANE ', 'ABDELLAH', 'اشبان', 'عبد الله', 'I293809', 'M', '1970-06-11', '1996-12-19', 25, NULL, NULL, -1),
('1847988', 23, 12, NULL, 'EL ASSAAD ', 'ALI', 'الاسعد', 'علي', 'J295241', 'M', '1975-01-10', '1999-05-12', 22, NULL, NULL, -1),
('1847989', 17, 1, NULL, 'AATIT ', 'TAHAR', 'عطط', 'الطاهر', 'JB295924', 'M', '1981-05-15', '2012-10-15', 2, NULL, NULL, -1),
('1847990', 6, 1, NULL, 'BADRY ', 'RACHID', 'بدري', 'رشيد', 'JB296903', 'M', '1982-08-30', '2003-03-24', 11, NULL, NULL, -1),
('1847991', 6, 1, NULL, 'ASSILA ', 'DRISS', 'اعسيلة', 'ادريس', 'G299282', 'M', '1973-12-31', '1995-07-12', 6, NULL, NULL, -1),
('1847992', 1, 1, NULL, 'HMAITANE ', 'NAJIA', 'حميتان', 'ناجية', 'JB316056', 'F', '1980-04-04', '2002-01-14', 11, NULL, NULL, -1),
('1847993', 1, 20, NULL, 'OULADA ', 'RACHID', 'العادة', 'رشيد', 'E323091', 'M', '1969-10-10', '1993-11-25', 9, NULL, NULL, -1),
('1847994', 31, 8, NULL, 'AGHARGHAR ', 'HASNA', 'اغرغار', 'حسناء', 'JC329505', 'F', '1981-09-12', '2012-10-15', 3, NULL, NULL, -1),
('1847995', 17, 1, NULL, 'JENNANE ', 'MOHAMED', 'جنان', 'محمد', 'JB338783', 'M', '1984-04-18', '2014-06-27', 33, NULL, NULL, -1),
('1847996', 43, 5, NULL, 'ASABBANE ', 'LAHCEN', 'اصبان', 'الحسن', 'JB339998', 'M', '1984-05-31', '2012-10-15', 2, NULL, NULL, -1),
('1847997', 31, 23, NULL, 'EL MELH ', 'YASSINE', 'الملح', 'ياسين', 'JB346523', 'M', '1984-09-20', '2014-07-21', 8, NULL, NULL, -1),
('1847998', 27, 5, NULL, 'AIT TAGADIRT ', 'RACHID', 'ايت تكديرت', 'رشيد', 'JB346913', 'M', '1985-05-25', '2014-06-27', 33, NULL, NULL, -1),
('1847999', 26, 5, NULL, 'BIKHBICH ', 'MOHAMED', 'بخبيش', 'محمد', 'JB349886', 'M', '1984-10-19', '2014-02-27', 33, NULL, NULL, -1),
('1848000', 6, 1, NULL, 'LOUGANI ', 'ABDELGHANI', 'لوﯖاني', 'عبد الغاني', 'J350997', 'M', '1979-08-06', '1999-11-01', 7, NULL, NULL, -1),
('1848001', 45, 23, NULL, 'EL YASSIR ', 'HASSAN', 'اليسير', 'حسن', 'JB384254', 'M', '1986-01-27', '2012-10-15', 3, NULL, NULL, -1),
('1848002', 28, 20, NULL, 'BEHRI ', 'MUSTAPHA', 'بحري', 'المصطفى', 'E386525', 'M', '1970-12-31', '1996-12-16', 25, NULL, NULL, -1),
('1848003', 26, 20, NULL, 'AL ALAOUI ', 'HICHAM', 'العلوي', 'مولاي هشام', 'E386989', 'M', '1971-06-30', '1994-11-01', 9, NULL, NULL, -1),
('1848004', 18, 5, NULL, 'OUTOUF ', 'BRAHIM', 'اوتوف', 'ابراهيم', 'JB390075', 'M', '1985-07-04', '2014-06-27', 33, NULL, NULL, -1),
('1848005', 6, 5, NULL, 'BANNA ', 'MOHAMED', 'بن', 'محمد', 'JB390796', 'M', '1985-01-29', '2014-06-30', 33, NULL, NULL, -1),
('1848006', 2, 20, NULL, 'LOUAKRI ', 'ABDELLATIF', 'الواكري', 'عبد اللطيف', 'E395040', 'M', '1970-01-21', '1999-05-12', 18, NULL, NULL, -1),
('1848007', 21, 5, NULL, 'BOUDOUDINE ', 'ABDELAZIZ', 'بوضوضين', 'عبد العزيز', 'JB400573', 'M', '1988-03-27', '2012-10-15', 2, NULL, NULL, -1),
('1848008', 19, 5, NULL, 'AHANSAL ', 'BOUCHRA', 'احنصال', 'بشرى', 'JB408728', 'F', '1988-09-17', '2012-10-15', 2, NULL, NULL, -1),
('1848009', 16, 12, NULL, 'ABOUD ', 'HANANE', 'ابود', 'حنان', 'J449501', 'F', '1988-09-06', '2014-06-27', 36, NULL, NULL, -1),
('1848010', 20, 12, NULL, 'EL BAHRAOUI ', 'ABDELATIF', 'البحراوي', 'عبد العاطي', 'E454348', 'M', '1973-07-28', '2004-08-12', 26, NULL, NULL, -1),
('1848011', 43, 18, NULL, 'ELHIHI ', 'HNIA', 'الحيحي', 'هنية', 'E466114', 'F', '1972-01-01', '2001-07-13', 19, NULL, NULL, -1),
('1848012', 20, 12, NULL, 'BOUSSALHA ', 'ABDELHADI', 'بوسلحة', 'عبد الهادي', 'E467323', 'M', '1971-12-31', '2001-07-13', 22, NULL, NULL, -1),
('1848013', 37, 9, NULL, 'ETTAOUIL ', 'NAIMA', 'الطويل', 'نعيمة', 'B498428', 'F', '1959-11-07', '1985-09-01', 12, NULL, NULL, -1),
('1848014', 32, 18, NULL, 'FARI ', 'NOUREDDINE', 'فاري', 'نور الدين', 'BE515665', 'M', '1968-05-26', '2000-07-06', 19, NULL, NULL, -1),
('1848015', 6, 1, NULL, 'BENLHAMRIA ', 'RACHID', 'بن الحمرية', 'رشيد', 'E565619', 'M', '1976-11-25', '1998-02-12', 11, NULL, NULL, -1),
('1848016', 28, 4, NULL, 'LAHYANI ', 'SAID', 'الحياني', 'سعيد', 'BE695320', 'M', '1976-07-20', '2005-09-19', 37, NULL, NULL, -1),
('1848017', 6, 1, NULL, 'BOUADI ', 'MOHAMED', 'بوعدي', 'محمد', 'B704649', 'M', '1958-12-31', '1990-09-16', 1, NULL, NULL, -1),
('1848354', 13, 1, NULL, 'KHERBOUCH', 'NADIA', 'خربوش', 'نادية', 'JC263432', 'F', '1979-02-12', '2009-01-16', 44, NULL, NULL, -1),
('1849340', 18, 2, NULL, 'RADOUANI ', 'RACHID', 'رضواني', 'رشيد', 'J280378', 'M', '1973-08-25', '1992-01-01', 13, NULL, NULL, -1),
('1849434', 18, 5, NULL, 'HDIH', 'NOURDINE', 'حديه', 'نور الدين', 'J386112', 'M', '1980-02-02', '2013-05-01', 44, NULL, NULL, -1),
('1855198', 5, 5, NULL, 'BENASRI ', 'LATIFA', 'بناصري', 'لطيفة', 'JA125445', 'F', '1985-11-18', '2012-11-01', 33, NULL, NULL, -1),
('1856702', 6, 1, NULL, 'FERTOU ', 'MOHAMED LARBI', 'فرطو', 'محمد العربي', 'PB4364', 'M', '1967-01-18', '1991-03-01', 6, NULL, NULL, -1),
('1856805', 11, 5, NULL, 'HANNI', 'BRAHIM', 'هاني', 'ابراهيم', 'JB175336', 'M', '1976-03-31', '2003-12-31', 44, NULL, NULL, -1),
('1856928', 11, 4, NULL, 'IDSIDIBAHA ', 'BRAHIM', 'اد سيدي باها', 'ابراهيم', 'JE57641', 'M', '1969-11-20', '1999-08-16', 38, NULL, NULL, -1),
('1857081', 32, 5, NULL, 'EL ALAOUI', 'M''BAREK', 'العلوي', 'مبارك', 'JY1800', 'M', '1986-08-15', '2013-01-02', 44, NULL, NULL, -1),
('1970772', 20, 12, NULL, 'OUKAMMOU', 'YOUNESS', 'وكمو', 'يونس', 'IC91475', 'M', '1994-08-01', '2017-07-01', 39, NULL, NULL, -1),
('1970773', 30, 12, NULL, 'OUBELLA', 'AICHA', 'ابلا', 'عائشة', 'JA158544', 'F', '1992-03-15', '2017-07-01', 39, NULL, NULL, -1),
('1970774', 16, 12, NULL, 'HARRACH', 'FATIMA', 'حراش', 'فاطمة', 'J451709', 'F', '1989-09-12', '2017-07-01', 39, NULL, NULL, -1),
('1970775', 21, 12, NULL, 'ETTAQI', 'MOHAMED', 'التاقي', 'محمد', 'JB465134', 'M', '1990-11-29', '2017-07-01', 39, NULL, NULL, -1),
('1970776', 23, 12, NULL, 'BEN SAID', 'MARYAM', 'بن سعيد', 'مريم', 'JM15026', 'F', '1991-01-05', '2017-07-01', 39, NULL, NULL, -1),
('1970777', 10, 12, NULL, 'OURHZIF', 'ABDELLATIF', 'اوغزيف', 'عبد اللطيف', 'JB448258', 'M', '1990-04-11', '2017-07-01', 39, NULL, NULL, -1),
('1970778', 16, 12, NULL, 'BAHMANI', 'RACHID', 'بحماني', 'رشيد', 'JA148127', 'M', '1990-06-29', '2017-07-01', 39, NULL, NULL, -1),
('1970779', 31, 5, NULL, 'AIT MASSAOUD', 'FATIMA EZZAHRAA', 'ايت مسعود', 'فاطمة الزهراء', 'X366513', 'F', '1995-01-14', '2017-07-01', 40, NULL, NULL, -1),
('1970780', 30, 5, NULL, 'RIZQI', 'MOHAMED', ' ', 'محمد', 'JC460697', 'M', '1991-09-29', '2017-07-01', 40, NULL, NULL, -1),
('1970781', 31, 5, NULL, 'ID EL KADI', 'MALIKA', 'اد القاضي', 'مليكة', 'JE260524', 'F', '1988-05-26', '2017-07-01', 40, NULL, NULL, -1),
('1976941', 31, 5, NULL, 'BINGA', 'HABIBA', 'بينكة', 'حبيبة', 'G219891', 'F', '1967-12-30', '2000-04-03', 44, NULL, NULL, -1),
('1984679', 27, 5, NULL, 'BOUMHAOUT', 'MOHAMED', 'بومهاوت', 'محمد', 'JB462661', 'M', '1992-09-02', '2017-07-01', 40, NULL, NULL, -1),
('1984680', 6, 1, NULL, 'AIT HAFID', 'ISMAIL', 'ايت حفيظ', 'اسماعيل', 'JB435968', 'M', '1990-12-10', '2017-07-01', 40, NULL, NULL, -1),
('1984681', 17, 1, NULL, 'SADKI', 'ABDERRAHMANE', 'صدقي', 'عبد الرحمان', 'JB291575', 'M', '1980-09-20', '2017-07-01', 40, NULL, NULL, -1),
('1984682', 6, 1, NULL, 'DAABEL', 'RACHID', 'الضعبل', 'رشيد', 'JB453630', 'M', '1992-05-25', '2017-07-01', 40, NULL, NULL, -1),
('1984683', 6, 1, NULL, 'BOUGERSSISSE', 'AHMED', 'بوكرسيس', 'احمد', 'J461216', 'M', '1990-09-27', '2017-07-01', 40, NULL, NULL, -1),
('1984684', 20, 15, NULL, 'CHENGLY', 'HAJAR', 'الشنكلي', 'هاجر', 'J468235', 'F', '1991-10-19', '2017-07-01', 41, NULL, NULL, -1),
('1984685', 28, 15, NULL, 'MAZOUZ', 'SALMA', 'مزوز', 'سلمى', 'J445481', 'F', '1991-08-30', '2017-07-01', 41, NULL, NULL, -1),
('1984686', 17, 7, NULL, 'EL MANOUZI', 'FATIMA ZAHRA', 'المنوزي', 'فاطمة الزهراء', 'J474777', 'F', '1993-02-22', '2017-07-01', 41, NULL, NULL, -1),
('1984687', 2, 7, NULL, 'AJAHOU', 'ZAKARYA', 'اجحو', 'زكرياء', 'JM18071', 'M', '1992-11-05', '2017-07-01', 41, NULL, NULL, -1),
('1984688', 7, 25, NULL, 'RAKI', 'YASSINE', 'راقي', 'ياسين', 'JT33620', 'M', '1991-06-08', '2017-07-24', 42, NULL, NULL, -1),
('1984689', 6, 8, NULL, 'EL MOUTTAKI', 'MOHAMMED', 'المتفي', 'محمد', 'CC33347', 'M', '1988-12-26', '2017-07-01', 43, NULL, NULL, -1),
('1984691', 6, 8, NULL, 'MOUKH ', 'LAHOUCINE', 'الموخ', 'الحسين', 'JT28350', 'M', '1988-12-22', '2018-05-15', 43, NULL, NULL, -1),
('9077006', 13, 4, NULL, 'CHATAT ', 'AHMED', 'شطاط', 'احمد', 'JB34701', 'M', '1967-08-14', '1995-11-01', 12, NULL, NULL, -1),
('xxxxx', 10, 22, NULL, 'ZAHIR', 'ABDELLATIF', 'زهير', 'عبد اللطيف', 'E368421', 'M', '1971-01-08', '2009-07-01', 44, NULL, NULL, -1);

-- --------------------------------------------------------

--
-- Structure de la table `grade`
--

CREATE TABLE IF NOT EXISTS `grade` (
  `ID_GRADE` int(11) NOT NULL AUTO_INCREMENT,
  `GRADE_ACTUEL` varchar(100) DEFAULT NULL,
  `GRADE_ACTUEL_ARAB` varchar(100) DEFAULT NULL,
  `ECHEL` int(11) DEFAULT NULL,
  PRIMARY KEY (`ID_GRADE`)
) ENGINE=InnoDB  DEFAULT CHARSET=utf8 AUTO_INCREMENT=26 ;

--
-- Contenu de la table `grade`
--

INSERT INTO `grade` (`ID_GRADE`, `GRADE_ACTUEL`, `GRADE_ACTUEL_ARAB`, `ECHEL`) VALUES
(1, 'ADJOINT TECHNIQUE 3EME GRADE', 'مساعد تقني الدرجة الثالثة', 6),
(2, 'ADJOINT ADMINISTRATIF 2EME GRADE', 'مساعد اداري الدرجة الثانية', 6),
(3, 'TECHNICIEN 3EME GRADE (N,S)', 'تقني الدرجة الثالة', 6),
(4, 'ADMINISTRATEUR', 'متصرف', 6),
(5, 'ADJOINT ADMINISTRATIF 3EME GRADE', 'مساعد اداري الدرجة الثالثة', 7),
(6, 'TECHNICIEN 1ER GRADE (N,S)', 'تقني الدرجة الاولى', 7),
(7, 'INGENIEUR D''ETAT 1ER GRADE (N,S)', 'مهندس دولة درجة أولى', 7),
(8, 'TECHNICIEN 4EME GRADE (N,S)', 'تقني الدرجة الرابعة', 8),
(9, 'ADMINISTRATEUR DE 1ER GRADE', 'متصرف الدرجة الاولى', 8),
(10, 'EMPLOI D''ADMINISTRATEUR PRINCIPAL', 'متصرف ممتاز', 8),
(11, 'REDACTEUR 3EME GRADE', 'محرر الدرجة الثالثة', 8),
(12, 'TECHNICIEN 3EME GRADE (N,S)', 'تقني الدرجة الثالثة', 9),
(13, 'ADJOINT TECHNIQUE 2EME GRADE', 'مساعد تقني الدرجة الثانية', 9),
(14, 'REDACTEUR 2EME GRADE', 'محرر الدرجة الثانية', 9),
(15, 'ARCHITECTE 1ER GRADE (N,S)', 'مهندس معماري درجة اولى', 9),
(16, 'ADMINISTRATEUR DE 3EME GRADE', 'متصرف الدرجة الثالثة', 10),
(17, 'ADMINISTRATEUR', 'متصرف', 10),
(18, 'ADMINISTRATEUR ADJOINT', 'متصرف مساعد', 10),
(19, 'INGENIEUR EN CHEF 1ER GRADE (N,S)', 'مهندس رئيس الدرجة الاولى', 10),
(20, 'TECHNICIEN 2EME GRADE (N,S)', 'تقني الدرجة الثانية', 11),
(21, 'ADJOINT TECHNIQUE 1ER GRADE', 'مساعد تقني الدرجة الاولى', 11),
(22, 'ARCHITECTE GRADE SUPPERIEUR', 'مهندس معماري درجة ممتازة', 11),
(23, 'REDACTEUR 4EME GRADE', 'محرر الدرجة الرابعة', 99),
(24, 'ADMINISTRATEUR ADJOINT', 'متصرف مساعد', 99),
(25, 'INFIRMIER 1ER GRADE', 'ممرض الدرجة الأولى', 99);

-- --------------------------------------------------------

--
-- Structure de la table `grade_durant`
--

CREATE TABLE IF NOT EXISTS `grade_durant` (
  `DATE_DEBUT` varchar(20) NOT NULL,
  `ID_GRADE` int(11) NOT NULL,
  `MATRICULE` varchar(20) NOT NULL,
  `DATE_FIN` varchar(20) DEFAULT NULL,
  `ID_gradedurant` int(11) NOT NULL AUTO_INCREMENT,
  PRIMARY KEY (`ID_gradedurant`),
  KEY `FK_GRA_DUR` (`ID_GRADE`),
  KEY `FK_GRA_DUR1` (`MATRICULE`)
) ENGINE=InnoDB DEFAULT CHARSET=utf8 AUTO_INCREMENT=1 ;

-- --------------------------------------------------------

--
-- Structure de la table `service`
--

CREATE TABLE IF NOT EXISTS `service` (
  `ID_SERVICE` int(11) NOT NULL AUTO_INCREMENT,
  `NOM_SERVICE` varchar(100) DEFAULT NULL,
  `LIEU_SERVICE` varchar(100) DEFAULT NULL,
  `CHEF_SERVICE` varchar(100) DEFAULT NULL,
  PRIMARY KEY (`ID_SERVICE`)
) ENGINE=InnoDB  DEFAULT CHARSET=utf8 AUTO_INCREMENT=48 ;

--
-- Contenu de la table `service`
--

INSERT INTO `service` (`ID_SERVICE`, `NOM_SERVICE`, `LIEU_SERVICE`, `CHEF_SERVICE`) VALUES
(1, 'الشباك الوحيد لرخص التعمير', '', ' '),
(2, 'القسم التقني', NULL, NULL),
(3, 'القسم القانوني و الاقتصادي', NULL, NULL),
(4, 'القسم المالي', NULL, NULL),
(5, 'الكتابة الخاصة للرئيس', NULL, NULL),
(6, 'المستودع الجماعي', NULL, NULL),
(7, 'المكتب الصحي الجماعي', NULL, NULL),
(8, 'شساعة المداخيل', NULL, NULL),
(9, 'شساعة المداخيل', NULL, NULL),
(10, 'قسم التعمير و الممتلكات', NULL, NULL),
(11, 'قسم الموارد البشرية', NULL, NULL),
(12, 'قسم خدمات القرب', NULL, NULL),
(13, 'كتابة المجلس', NULL, NULL),
(14, 'مديرية المصالح', NULL, NULL),
(15, 'مصلحة الارشيف', NULL, NULL),
(16, 'مصلحة الاشغال', NULL, NULL),
(17, 'مصلحة البيئة و الفضاءات العمومية', NULL, NULL),
(18, 'مصلحة التنشيط الاقتصادي و الشرطة الادارية', NULL, NULL),
(19, 'مصلحة التنشيط الثقافي و الرياضي', NULL, NULL),
(20, 'مصلحة التهيئة العمرانية و التجديد الحضري', NULL, NULL),
(21, 'مصلحة التواصل و الشراكة', NULL, NULL),
(22, 'مصلحة الحالة المدنية', NULL, NULL),
(23, 'مصلحة الحركية و الصيانة', NULL, NULL),
(24, 'مصلحة الحسابات و الميزانية', NULL, NULL),
(25, 'مصلحة الشؤون الاجتماعية و المبادرة الوطنية للتنمية البشرية', NULL, NULL),
(26, 'مصلحة الصفقات و التموين و التخزين', NULL, NULL),
(27, 'مصلحة المراقبة الجبائية', NULL, NULL),
(28, 'مصلحة الممتلكات و الشؤون العقارية', NULL, NULL),
(29, 'مصلحة المنازعات ', NULL, NULL),
(30, 'مصلحة الميزانية و الحسابات', NULL, NULL),
(31, 'مصلحة الوعاء الضريبي و المنازعات الضريبية', NULL, NULL),
(32, 'مصلحة تدبير الموارد البشرية', NULL, NULL),
(33, 'مكتب الحالة المدنية', ' اركانة', NULL),
(34, 'مكتب الحالة المدنية ', 'ازرو', NULL),
(35, 'مكتب الحالة المدنية المركزي', NULL, NULL),
(36, 'مكتب الحالة المدنية ', 'المزار', NULL),
(37, 'مكتب الحالة المدنية', 'ياسمينة', NULL),
(38, 'مكتب الضبط و الارشاد', NULL, NULL),
(39, 'مكتب تصحيح الامضاء ', 'اركانة', NULL),
(40, 'مكتب تصحيح الامضاء ', 'ازرو', NULL),
(41, 'مكتب تصحيح الامضاء المركزي', NULL, NULL),
(42, 'مكتب تصحيح الامضاء ', 'ياسمينة', NULL),
(43, 'مكتب معالجة الشكايات', NULL, NULL),
(44, 'الدائرة الحضرية ', 'ايت ملول', NULL),
(45, 'المحكمة الابندائية ', 'انزكان', NULL),
(46, 'قباضة ', 'ايت ملول', NULL),
(47, 'مؤسسة التعاون بين الجماعات', NULL, NULL);

-- --------------------------------------------------------

--
-- Structure de la table `situation`
--

CREATE TABLE IF NOT EXISTS `situation` (
  `ID_SITUATION` int(11) NOT NULL,
  `STATUT_ADMINISTRATIF` varchar(20) DEFAULT NULL,
  `ADMINISRATION` varchar(20) DEFAULT NULL,
  `DATE_DEPLACEMENT` date DEFAULT NULL,
  PRIMARY KEY (`ID_SITUATION`)
) ENGINE=InnoDB DEFAULT CHARSET=utf8;

-- --------------------------------------------------------

--
-- Structure de la table `utilisateur`
--

CREATE TABLE IF NOT EXISTS `utilisateur` (
  `ID_UTILISATEUR` int(11) NOT NULL AUTO_INCREMENT,
  `NOM_UTILISATEUR` varchar(20) DEFAULT NULL,
  `EMAIL_UTILISATEUR` varchar(20) DEFAULT NULL,
  `MOT_DE_PASS_UTILISATEUR` varchar(20) DEFAULT NULL,
  `TYPE_DROIT` varchar(20) DEFAULT NULL,
  PRIMARY KEY (`ID_UTILISATEUR`)
) ENGINE=InnoDB  DEFAULT CHARSET=utf8 AUTO_INCREMENT=2 ;

--
-- Contenu de la table `utilisateur`
--

INSERT INTO `utilisateur` (`ID_UTILISATEUR`, `NOM_UTILISATEUR`, `EMAIL_UTILISATEUR`, `MOT_DE_PASS_UTILISATEUR`, `TYPE_DROIT`) VALUES
(1, 'moncif', 'm', '741', NULL);

--
-- Contraintes pour les tables exportées
--

--
-- Contraintes pour la table `avoir`
--
ALTER TABLE `avoir`
  ADD CONSTRAINT `avoir_ibfk_1` FOREIGN KEY (`MATRICULE`) REFERENCES `employe` (`MATRICULE`),
  ADD CONSTRAINT `avoir_ibfk_2` FOREIGN KEY (`ID_DIPLOME`) REFERENCES `diplome` (`ID_DIPLOME`),
  ADD CONSTRAINT `FK_AVOIR` FOREIGN KEY (`MATRICULE`) REFERENCES `employe` (`MATRICULE`),
  ADD CONSTRAINT `FK_AVOIR2` FOREIGN KEY (`ID_DIPLOME`) REFERENCES `diplome` (`ID_DIPLOME`);

--
-- Contraintes pour la table `employe`
--
ALTER TABLE `employe`
  ADD CONSTRAINT `employe_ibfk_1` FOREIGN KEY (`ID_SERVICE`) REFERENCES `service` (`ID_SERVICE`),
  ADD CONSTRAINT `employe_ibfk_2` FOREIGN KEY (`ID_GRADE`) REFERENCES `grade` (`ID_GRADE`),
  ADD CONSTRAINT `employe_ibfk_3` FOREIGN KEY (`ID_ECHELLON`) REFERENCES `echellon` (`ID_ECHELLON`),
  ADD CONSTRAINT `FK_AFFECTER` FOREIGN KEY (`ID_SERVICE`) REFERENCES `service` (`ID_SERVICE`),
  ADD CONSTRAINT `FK_AVOIR1` FOREIGN KEY (`ID_GRADE`) REFERENCES `grade` (`ID_GRADE`),
  ADD CONSTRAINT `FK_CONTIENT3` FOREIGN KEY (`ID_ECHELLON`) REFERENCES `echellon` (`ID_ECHELLON`);

--
-- Contraintes pour la table `grade_durant`
--
ALTER TABLE `grade_durant`
  ADD CONSTRAINT `FK_GRA_DUR` FOREIGN KEY (`ID_GRADE`) REFERENCES `grade` (`ID_GRADE`),
  ADD CONSTRAINT `FK_GRA_DUR1` FOREIGN KEY (`MATRICULE`) REFERENCES `employe` (`MATRICULE`),
  ADD CONSTRAINT `grade_durant_ibfk_1` FOREIGN KEY (`ID_GRADE`) REFERENCES `grade` (`ID_GRADE`),
  ADD CONSTRAINT `grade_durant_ibfk_2` FOREIGN KEY (`MATRICULE`) REFERENCES `employe` (`MATRICULE`);

/*!40101 SET CHARACTER_SET_CLIENT=@OLD_CHARACTER_SET_CLIENT */;
/*!40101 SET CHARACTER_SET_RESULTS=@OLD_CHARACTER_SET_RESULTS */;
/*!40101 SET COLLATION_CONNECTION=@OLD_COLLATION_CONNECTION */;
